subject,summary,press,wdate,link
저가매수 타이밍? '딥시크 타격' HD현대일렉트릭 순매수 1위[주식 초고수는 지금],미래에셋증권(006800)에서 거래하는 고수익 투자자들이 24일 오전 가장 많이 순매수한 종목은 HD현대일렉트릭(267260)으로 나타.. 서울경제 | 2025-01-31 11:53:10,서울경제,2025-01-31 11:53:10,https://n.news.naver.com/mnews/article/011/0004445246
딥시크발 ‘딥쇼크’… SK하이닉스 장중 11% 급락,코스피 전체는 0.1% 하락 출발 한미반도체 6%·삼성전자 2%↓ 인프라 관련 투자 감소 우려에 전력기기 종목들도 낙폭 커져 미국 3대.. 문화일보 | 2025-01-31 11:47:31,문화일보,2025-01-31 11:47:31,https://n.news.naver.com/mnews/article/021/0002687009
"SEC, 비트코인·이더리움 혼합 ETF 승인…알트코인 ETF 출시 가속화 기대","비트와이즈, 도지코인 ETF도 신청 미국에서 가상자산을 담고 있는 상장지수펀드(ETF) 출시가 탄력을 받고 있다. 이에 따라 알트코인 .. 매일경제 | 2025-01-31 11:45:08",매일경제,2025-01-31 11:45:08,https://n.news.naver.com/mnews/article/009/0005436313
이거 했더니 솔라나 일년 수익률 212%...단순 보유보다 20% 더 이득,보상 쌓이는 스테이킹하면 추가 수익 업비트 스테이킹 참여 3.8조 넘어 지난해 업비트에서 솔라나(SOL)를 1년간 스테이킹한 투자자는 .. 매일경제 | 2025-01-31 11:44:15,매일경제,2025-01-31 11:44:15,https://n.news.naver.com/mnews/article/009/0005436312
"딥시크 수혜?…애플, 아이폰 부진에도 주가 상승반전",애플의 주가가 실적 발표 후 시간외거래에서 상승 반전했다. 딥쇼크 쇼크로 애플의 뒤늦은 인공지능(AI) 투자 전략에 대한 재평가가 이뤄.. 이데일리 | 2025-01-31 11:39:09,이데일리,2025-01-31 11:39:09,https://n.news.naver.com/mnews/article/018/0005933868
"'딥시크 충격' SK하이닉스 울고·네이버 웃고…""전략 재점검해야""",'딥시크 충격'이 국내 증시에도 상륙하면서 AI(인공지능) 투자 판도가 뒤집어졌다. AI 대표 수혜 주로 주가 상승세를 달리던 SK하이.. 머니투데이 | 2025-01-31 11:19:47,머니투데이,2025-01-31 11:19:47,https://n.news.naver.com/mnews/article/008/0005147096
증권사 퇴직연금 운용금액 100조 돌파,작년 4분기 7.85%↑…103.9조 증권3사 실물이전 금액 9400억 퇴직연금 실물이전 제도 시행 3개월 만에 증권사의 퇴직연금 운용.. 헤럴드경제 | 2025-01-31 11:13:09,헤럴드경제,2025-01-31 11:13:09,https://n.news.naver.com/mnews/article/016/0002422046
"삼성전자·SK하이닉스 '철렁'…""다음 주까지 긴가민가""","● 삼성전자·SK하이닉스 급락, 조정일까 위기일까 '딥시크(Deepseek) 쇼크'로 삼성전자와 SK하이닉스가 조정을 받고 있는 가운데.. 한국경제TV | 2025-01-31 11:12:33",한국경제TV,2025-01-31 11:12:33,https://n.news.naver.com/mnews/article/215/0001196890
서학개미 1월 투심도 트럼프 2기 ‘실세’ 머스크로 향했다,테슬라·테슬라ETF 순매수 1·3위 엔비디아·브로드컴 AI칩도 호재 딥시크 충격 변동성엔 ‘주의’ 조언 2025년 을사년(乙巳年) 새해.. 헤럴드경제 | 2025-01-31 11:12:16,헤럴드경제,2025-01-31 11:12:16,https://n.news.naver.com/mnews/article/016/0002422045
'中 가성비 AI'에 발칵…딥시크 충격에 '비명' 쏟아진 종목,인공지능(AI) 서비스 확산 기대감에 한동안 올랐던 전력인프라주들이 일제 하락세를 타고 있다. 중국 딥시크가 '가성비 AI'를 내놓으면.. 한국경제 | 2025-01-31 11:03:16,한국경제,2025-01-31 11:03:16,https://n.news.naver.com/mnews/article/015/0005087851
기업거버넌스포럼 “파행적 고려아연 임시 주총에 국격 추락”,최대주주 영풍의 의결권을 기습적으로 배제하면서 파행적으로 진행된 고려아연의 임시주주총회에 대해 국격을 추락시키는 행위였다는 비판이 제기.. 데일리안 | 2025-01-31 10:56:13,데일리안,2025-01-31 10:56:13,https://n.news.naver.com/mnews/article/119/0002918531
"암호화폐 베테랑 ""비트코인 다음달 13만달러 돌파""",월가에서 암호화폐 베테랑으로 불리는 제프 켄드릭 스탠다드차타드(SC) 애널리스트가 비트코인 강세론을 주장하고 나섰다. 30일(현지시간).. 한국경제TV | 2025-01-31 10:43:15,한국경제TV,2025-01-31 10:43:15,https://n.news.naver.com/mnews/article/215/0001196881
"삼성운용 'KODEX 200타겟위클리커버드콜', 두 달만에 순자산 1000억 돌파",최근 ‘세금 없는’ 국내 주식 시세차익과 장내 파생상품 수익을 활용해 매월 고배당과 추가 수익을 추구하는 국내 자산 연계 타겟커버드콜에.. 파이낸셜뉴스 | 2025-01-31 10:34:36,파이낸셜뉴스,2025-01-31 10:34:36,https://n.news.naver.com/mnews/article/014/0005301814
"연휴 후 한국 증시, 반도체주 '딥시크 쇼크'",연휴를 마치고 개장한 코스피가 하락세로 출발했다. 연휴 기간 발생한 다양한 해외 이슈들이 한꺼번에 반영되며 지수에 영향을 미친 것으로 .. 아시아경제 | 2025-01-31 10:11:09,아시아경제,2025-01-31 10:11:09,https://n.news.naver.com/mnews/article/277/0005539669
메모리 양극화 심화에…삼성전자 4분기 반도체 영업익 2.9조(종합),역대 2번째 연간 300조원대 매출…연간 R&D·시설투자는 사상 최대 올해 '상저하고' 흐름 보일 듯…HBM3E 판매 확대 관건 삼성전.. 연합뉴스 | 2025-01-31 10:09:54,연합뉴스,2025-01-31 10:09:54,https://n.news.naver.com/mnews/article/001/0015184779
‘딥시크 쇼크’에 관련주 희비…‘반도체’ 울고 ‘AI소프트웨어’ 웃고,‘딥시크 쇼크’ 영향으로 반도체장비 관련주와 인공지능(AI)소프트웨어 관련주의 희비가 엇갈리고 있다. 31일 오전 9시 55분 현재 한.. 매일경제 | 2025-01-31 10:09:08,매일경제,2025-01-31 10:09:08,https://n.news.naver.com/mnews/article/009/0005436231
"""백종원 믿고 샀는데"" 신저가 찍은 더본코리아…99.99%가 '비명'",백종원 대표의 더본코리아가 장 중 2%대 내리며 52주 신저가를 기록했다. 31일 오전 9시55분 기준 코스피 시장에서 더본코리아는 전.. 머니투데이 | 2025-01-31 10:08:44,머니투데이,2025-01-31 10:08:44,https://n.news.naver.com/mnews/article/008/0005147053
"미래운용 ‘TIGER 미국필라델피아AI반도체나스닥’, 순자산 3000억 돌파",미래에셋자산운용은 ‘TIGER 미국필라델피아AI반도체나스닥’ 상장지수펀드(ETF)의 순자산이 3000억원을 돌파했다고 31일 밝혔다. .. 이데일리 | 2025-01-31 10:07:09,이데일리,2025-01-31 10:07:09,https://n.news.naver.com/mnews/article/018/0005933797
‘반도체 뒷걸음질’ 삼성전자…외국인 보유 비중 2년來 최저 [투자360],"50.24%…2023년 1월 이후 최저 외인 6개월 순매도 1위, 2위도 우선주 증권사 7곳 이달 목표주가 하향 ‘가성비 AI 모델’ .. 헤럴드경제 | 2025-01-31 10:02:10",헤럴드경제,2025-01-31 10:02:10,https://n.news.naver.com/mnews/article/016/0002421966
“투자자 99%가 손실이라니”…리니지 제국 다시 부활할까 [K주식 이걸 사? 말아?],"104만원→17만원 4년 만에 주저앉은 엔씨소프트 주가입니다. 한때 리니지 진성 유저, 이른바 ‘린저씨’들의 사랑을 듬뿍 받으며 국내 .. 매일경제 | 2025-01-31 10:00:10",매일경제,2025-01-31 10:00:10,https://n.news.naver.com/mnews/article/009/0005436226
딥시크 충격에 SK하이닉스 약세…네이버·카카오 급등,설 연휴를 끝내고 개장한 국내 증시가 하락 출발했다. 연휴 기간 글로벌 증시에 충격을 안긴 중국 인공지능(AI) 기업 딥시크의 영향이 .. 아시아경제 | 2025-01-31 09:58:01,아시아경제,2025-01-31 09:58:01,https://n.news.naver.com/mnews/article/277/0005539654
"""언젠간 오르겠지"" 버텼는데 적자 확대…호텔신라 목표가도 '뚝뚝'",지난해 4분기 부진한 실적을 낸 호텔신라가 장 중 3%대 하락 중이다. 호텔신라에 대한 증권가의 시선이 낮아진다. 31일 오전 9시 3.. 머니투데이 | 2025-01-31 09:49:16,머니투데이,2025-01-31 09:49:16,https://n.news.naver.com/mnews/article/008/0005147039
`딥시크 쇼크` 국장 덮쳤다…SK하이닉스 10%대↓,엔비디아 17% 폭락 여파 중국의 저비용 인공지능(AI) 딥시크(DeepSeek)의 등장 충격에 국내 주식시장도 요동치고 있다. 설 명.. 디지털타임스 | 2025-01-31 09:42:07,디지털타임스,2025-01-31 09:42:07,https://n.news.naver.com/mnews/article/029/0002932300
"현금부자 주목, KODEX 200타겟위클리커버드콜…순자산 1000억 돌파",국내 자산과 연계된 타겟커버드콜 상품에 투자자 관심이 커진다. 1억원을 투자하면 월 142만원을 받을 수 있는데 세금은 3만원 수준이라.. 머니투데이 | 2025-01-31 09:41:32,머니투데이,2025-01-31 09:41:32,https://n.news.naver.com/mnews/article/008/0005147034
"허선호 미래에셋증권 대표 ""서학개미 13조 벌어, 중국·인도로 분산투자""",허선호 미래에셋증권 대표가 최근 투자자들에게 보낸 투자레터를 보내 지난해 성과를 소개하고 투자 포트폴리오를 다양화 하겠다는 의지를 강조.. 머니S | 2025-01-31 09:40:46,머니S,2025-01-31 09:40:46,https://n.news.naver.com/mnews/article/417/0001054889
“미·중 AI 패권전쟁 시작됐다”…엔비디아 누른 ‘가성비 AI’ 딥시크 파장 어디까지? [투자360],"中 AI 스타트업 딥시크, 저비용 고성능 AI 모델 개발 비용효율적 AI 등장에 시장 ‘흔들’ “AI 산업엔 호재 엔비디아엔 악재” [.. 헤럴드경제 | 2025-01-31 09:40:08",헤럴드경제,2025-01-31 09:40:08,https://n.news.naver.com/mnews/article/016/0002421937
"""네이버도 할 수 있는 거 아냐?""…'딥시크 등장'에 주가 급등",중국 생성형 인공지능(AI) '딥시크'가 저비용으로 챗GPT와 유사한 성능의 AI 추론 모델을 만들어내면서 국내 증시에서 AI 소프트웨.. 한국경제 | 2025-01-31 09:38:17,한국경제,2025-01-31 09:38:17,https://n.news.naver.com/mnews/article/015/0005087807
"하이닉스 끌어내린 딥시크, AI 소프트웨어엔 수혜…네이버 6%↑[핫종목]",네이버(035420)가 중국 인공지능(AI) 스타트업 딥시크의 수혜주로 떠오르며 주가 상승세를 기록하고 있다. 31일 한국거래소에 따르.. 뉴스1 | 2025-01-31 09:37:17,뉴스1,2025-01-31 09:37:17,https://n.news.naver.com/mnews/article/421/0008047863
"기다리던 엔비디아 HBM 납품 소식인데…삼성전자, 2%대 하락[핫종목]",삼성전자(005930)가 엔비디아에 5세대 고대역폭메모리(HBM) HBM3E 8단 제품을 납품했다는 소식에도 31일 하락 중이다. 이날.. 뉴스1 | 2025-01-31 09:34:41,뉴스1,2025-01-31 09:34:41,https://n.news.naver.com/mnews/article/421/0008047854
'딥시크 쇼크' 20만닉스도 위태…반도체주 줄줄이 '휘청',SK하이닉스가 장 초반 11%대 하락했다. 반도체주 대부분이 약세다. 중국 AI(인공지능) 스타트업 '딥시크'발 충격 여파다. 31일 .. 머니투데이 | 2025-01-31 09:34:18,머니투데이,2025-01-31 09:34:18,https://n.news.naver.com/mnews/article/008/0005147025
"앱트뉴로사이언스-에이프로젠, 파킨슨병 치료제 공동개발 계약 체결",연내 라이선스아웃 목표 국내 바이오시밀러 기업 에이프로젠은 앱트뉴로사이언스와 파킨슨병 치료제를 올해 내에 라이선스 아웃하고 특허권리 범.. 매일경제 | 2025-01-31 09:34:09,매일경제,2025-01-31 09:34:09,https://n.news.naver.com/mnews/article/009/0005436216
딥시크發 충격에…전력기기株 일제히 급락세[핫스탁],중국 인공지능(AI) 스타트업 딥시크(DeepSeek)발 충격에 전력기기 관련주들의 주가가 일제히 급락세를 보이고 있다. 앞서 전력주는.. 뉴시스 | 2025-01-31 09:30:45,뉴시스,2025-01-31 09:30:45,https://n.news.naver.com/mnews/article/003/0013039932
'딥시크 쇼크'에 전선·전력주 일제히 급락,중국 생성형 인공지능(AI) '딥시크' 충격파에 설 연휴 휴장을 끝내고 돌아온 국내 증시에서 전선·전력주(株) 주가가 일제히 급락하고 .. 한국경제 | 2025-01-31 09:28:13,한국경제,2025-01-31 09:28:13,https://n.news.naver.com/mnews/article/015/0005087803
"'딥시크 충격' 장중 20만닉스 붕괴…""수혜주"" 이 종목들은 올랐다",'딥시크 충격'이 국내 증시에까지 영향을 미쳤다. 코스피는 설 연휴 이후 개장하자마자 1% 이상 빠지고 있다. 특히 AI(인공지능) 수.. 머니투데이 | 2025-01-31 09:25:51,머니투데이,2025-01-31 09:25:51,https://n.news.naver.com/mnews/article/008/0005147023
"""나랑 같은 코인 샀는데""…1년 후 20% 더 높은 수익 낸 비결",업비트에서 1년 전 솔라나(SOL)를 스테이킹한 투자자의 수익률이 212%에 이르는 것으로 나타났다. 단순 보유보다 20% 높은 수익률.. 머니투데이 | 2025-01-31 09:24:45,머니투데이,2025-01-31 09:24:45,https://n.news.naver.com/mnews/article/008/0005147022
"삼성KODEX 200타겟위클리커버드콜, 두달만에 순자산 1천억",삼성자산운용은 최초로 선보인 국내 타겟커버드콜 ETF인 ‘KODEX 200타겟위클리커버드콜’의 순자산이 1000억원을 돌파했다고 31일.. 아시아경제 | 2025-01-31 09:24:34,아시아경제,2025-01-31 09:24:34,https://n.news.naver.com/mnews/article/277/0005539621
'딥시크'가 SK하이닉스 끌어내렸다…9%대 급락 [핫종목],엔비디아에 고대역폭메모리(HBM)를 공급하는 SK하이닉스(000660)가 딥시크 여파에 급락 중이다. 31일 오전 9시 15분 SK하이.. 뉴스1 | 2025-01-31 09:19:19,뉴스1,2025-01-31 09:19:19,https://n.news.naver.com/mnews/article/421/0008047826
"코스피, 딥시크 충격에 장중 2500선 내줘…SK하이닉스 10%↓",코스피가 장중 2500선을 내줬다. 딥시크 충격에 반도체주가 약세를 보이면서다. 31일 오전 9시9분 현재 코스피는 전장 대비 30.9.. 한국경제 | 2025-01-31 09:16:10,한국경제,2025-01-31 09:16:10,https://n.news.naver.com/mnews/article/015/0005087795
장 열리자 마자 '딥시크 쇼크'…SK하이닉스 개미 '비명',SK하이닉스가 31일 장 초반 10% 넘게 하락하는 등 반도체주가 동반 급락하고 있다. 설 연휴 기간 전해진 중국의 인공지능(AI) 스.. 한국경제 | 2025-01-31 09:14:19,한국경제,2025-01-31 09:14:19,https://n.news.naver.com/mnews/article/015/0005087794
"코스피, 딥시크 충격에 1%대 약세…SK하이닉스 10%↓",코스피가 개인과 외국인의 팔자에 장 초반 1%대 밀리고 있다. 긴 설 연휴(27~30일) 동안 반영하지 못한 중국 AI 딥시크 충격과 .. 이데일리 | 2025-01-31 09:14:17,이데일리,2025-01-31 09:14:17,https://n.news.naver.com/mnews/article/018/0005933720
설 연휴 이슈 일시 반영… 코스피·코스닥 하락 출발,설 연휴 기간 글로벌 증시를 뒤흔든 중국의 오픈소스 인공지능(AI) 딥시크(DeepSeek) 악재와 미국의 기준금리 동결 소식이 반영되.. 조선비즈 | 2025-01-31 09:14:15,조선비즈,2025-01-31 09:14:15,https://n.news.naver.com/mnews/article/366/0001050335
"코스닥, 딥시크 쇼크 여파 하락 출발",설 연휴를 마친 코스닥 지수가 하락 출발했다. 사진=REUTERS 31일 엠피닥터에 따르면 이날 코스닥 지수는 전 거래일 대비 0.42.. 이데일리 | 2025-01-31 09:13:08,이데일리,2025-01-31 09:13:08,https://n.news.naver.com/mnews/article/018/0005933717
코인 스테이킹 수익률이 높은 까닭,지난 한해 동안 솔라나(SOL)를 직접 보유한 것보다 가상자산 거래소의 스테이킹 서비스를 이용했을 때 수익률이 더 높은 것으로 나타났다.. 비즈워치 | 2025-01-31 09:06:08,비즈워치,2025-01-31 09:06:08,https://n.news.naver.com/mnews/article/648/0000032910
"""구형 GPU로 구현한 딥시크 등장…엔비디아에 악재""-iM증권",중국 스타트업이 내놓은 인공지능(AI) 딥시크의 등장으로 AI투자의 효율성 문제가 부각될 경우 AI 반도체 선두업체인 미국 엔비디아에 .. 디지털타임스 | 2025-01-31 09:05:08,디지털타임스,2025-01-31 09:05:08,https://n.news.naver.com/mnews/article/029/0002932293
"키움증권 ""삼성전기, 중국발 AI 수혜 기대…업종 최선호주""","키움증권(039490)은 31일 삼성전기(009150)에 대해 ""연중 인공지능(AI)과 중국발 모멘텀이 지속될 것으로 예상된다""며 비중.. 뉴스1 | 2025-01-31 08:51:42",뉴스1,2025-01-31 08:51:42,https://n.news.naver.com/mnews/article/421/0008047763
"“LG, ‘6조 대어’ LG CNS 상장 영향 크지 않을 것”…목표가↓",하나증권은 31일 LG에 대해 자회사 지분가치가 감소한 데다 ‘몸값 6조원’ 대어 LG CNS 상장에 따른 영향은 크지 않을 것이라며 .. 매일경제 | 2025-01-31 08:43:07,매일경제,2025-01-31 08:43:07,https://n.news.naver.com/mnews/article/009/0005436192
"中 저비용 AI 충격에 韓美 반도체株 흔들… 트럼프發 통상압박, 대응 본격화 [AI PRISM*주식 투자자 뉴스]",▲ AI PRISM* 맞춤형 경제 브리핑 * 편집자 주 : ‘AI PRISM’(Personalized Report & Insight S.. 서울경제 | 2025-01-31 08:41:13,서울경제,2025-01-31 08:41:13,https://n.news.naver.com/mnews/article/011/0004445145
"앱트뉴로사이언스-에이프로젠, '파킨슨병 치료제' 공동개발 계약 체결 “연내 LO 목표”",국내 바이오시밀러 기업 에이프로젠은 앱트뉴로사이언스와 파킨슨병 치료제를 올해 내에 라이선스 아웃(LO)하고 특허권리 범위를 대폭 확장하.. 파이낸셜뉴스 | 2025-01-31 08:41:09,파이낸셜뉴스,2025-01-31 08:41:09,https://n.news.naver.com/mnews/article/014/0005301713
AI 기술패권 판도 변화·美 관세 압박 가시화… 금융 시장 3대 변수 부상 [AI PRISM*글로벌 투자자 뉴스],▲ AI PRISM* 맞춤형 경제 브리핑 * 편집자 주 : ‘AI PRISM’(Personalized Report & Insight S.. 서울경제 | 2025-01-31 08:41:08,서울경제,2025-01-31 08:41:08,https://n.news.naver.com/mnews/article/011/0004445143
"앱트뉴로사이언스-에이프로젠, 파킨스병 치료제 공동개발 계약 체결",바이오시밀러 전문기업 에이프로젠은 앱트뉴로사이언스(구 지오릿에너지)와 파킨슨병 치료제를 연내 라이선스 아웃하고 특허권리 범위를 확장하기.. 머니투데이 | 2025-01-31 08:40:25,머니투데이,2025-01-31 08:40:25,https://n.news.naver.com/mnews/article/008/0005146988
"“딥시크 탓에 급락한 전력 인프라株, 장기 수혜 유효” NH투자증권",중국 AI 스타트업 딥시크 등장으로 전력 인프라 주가가 크게 하락했지만 AI 발전에 따른 장기적 수혜 기대는 여전하다는 전망이 나왔다... 헤럴드경제 | 2025-01-31 08:36:10,헤럴드경제,2025-01-31 08:36:10,https://n.news.naver.com/mnews/article/016/0002421884
2월 관세 부과 임박…환율 1440원대로 상승 되돌림[외환브리핑],원·달러 환율이 1440원대로 상승 되돌림을 보일 것으로 전망된다. 연휴 동안 미국 연방준비제도(Fed·연준)의 매파적 동결과 함께 도.. 이데일리 | 2025-01-31 08:35:08,이데일리,2025-01-31 08:35:08,https://n.news.naver.com/mnews/article/018/0005933676
‘딥시크 쇼크’ 삼성전자·SK하닉 흔들리나…“압박 제한적” 희망 섞인 기대도 [투자360],"설연휴 기간 이슈 만발, 일시에 반영하며 변동성 확대 전망 길었던 설 연휴로 인해 31일 일주일 만에 문을 여는 국내 증시는 연휴 기간.. 헤럴드경제 | 2025-01-31 08:33:07",헤럴드경제,2025-01-31 08:33:07,https://n.news.naver.com/mnews/article/016/0002421882
설 연휴 끝…글로벌 이슈 반영에 韓증시 직간접 영향 예상[굿모닝 증시],미국 뉴욕증시는 3대 지수가 주요 기업의 실적 발표로 일제히 상승 마감했다. 국내 증시는 중국 인공지능(AI) 기업 딥시크의 가성비 모.. 아시아경제 | 2025-01-31 08:31:21,아시아경제,2025-01-31 08:31:21,https://n.news.naver.com/mnews/article/277/0005539589
푸대접받는 국내사간 기술이전…유한양행 서브라이선싱 성공사례 재조명,이 기사는 2025년01월26일 08시30분에 팜이데일리 프리미엄 콘텐츠로 선공개 되었습니다. 최근 상장에 도전하는 바이오텍들의 국내 .. 이데일리 | 2025-01-31 08:31:08,이데일리,2025-01-31 08:31:08,https://n.news.naver.com/mnews/article/018/0005933667
"""압도적 1등""…'흑자전환' 성공하고 주가 '불기둥' 세운 종목",한화오션이 국내 조선 빅3 중 마지막으로 흑자전환에 성공하며 주가도 ‘불기둥’을 세웠다. 올해 들어 조선업종 주요 종목 중 주가 상승률.. 한국경제 | 2025-01-31 08:26:15,한국경제,2025-01-31 08:26:15,https://n.news.naver.com/mnews/article/015/0005087770
연휴 간 4.5%대 안착한 미 10년물…8000억원 규모 30년물 모집[채권브리핑],31일 국내 국고채 시장은 연휴 간 미국채 금리 흐름과 내달 발행 물량 부담 등을 반영하며 강세 출발할 것으로 예상된다. 설 연휴를 소.. 이데일리 | 2025-01-31 08:21:09,이데일리,2025-01-31 08:21:09,https://n.news.naver.com/mnews/article/018/0005933661
"삼성SDI, 고객사 재고 조정에 실적 부진 지속-현대차",현대차증권은 31일 삼성SDI(006400)에 대해 고객사 재고 조정으로 올해도 부진한 실적을 이어갈 것으로 전망했다. 다만 밸류에이션.. 이데일리 | 2025-01-31 08:20:10,이데일리,2025-01-31 08:20:10,https://n.news.naver.com/mnews/article/018/0005933657
불확실성엔 金으로…‘트럼프 관세’ 우려에 금값 사상 최고치 [투자360],‘트럼프 관세’로 스태그플레이션 우려 제기되며 안전자산 선호↑ ECB 금리 인하도 금값 상승 동력 [헤럴드경제=김우영 기자] 도널드 트.. 헤럴드경제 | 2025-01-31 08:15:09,헤럴드경제,2025-01-31 08:15:09,https://n.news.naver.com/mnews/article/016/0002421871
"딥시크발 반도체株 충격 대비…""패닉은 금지""[마켓뷰]","설연휴 기간 이슈 만발, 일시에 반영하며 변동성 확대 전망 ""쉬는 동안 이슈 희석, 압박 크지 않을 것"" 분석도 긴 설 연휴로 인해 3.. 연합뉴스 | 2025-01-31 08:14:35",연합뉴스,2025-01-31 08:14:35,https://n.news.naver.com/mnews/article/001/0015184546
"티웨이항공, 경영권 확보 경쟁에 목표주가 17%↑-NH",NH투자증권은 1월 31일 티웨이항공의 목표주가를 기존대비 17% 높인 3500원을 제시했다. 경영권 확보 경쟁이 단기 주가에 크게 작.. 파이낸셜뉴스 | 2025-01-31 08:14:09,파이낸셜뉴스,2025-01-31 08:14:09,https://n.news.naver.com/mnews/article/014/0005301703
"하나證 ""브이티, KS인더스트리 투자 영향 제한적""","하나증권은 31일 브이티에 대해 KS인더스트리 투자에 따른 영향은 제한적일 전망이라고 분석했다. 투자의견은 '매수', 목표주가는 4만5.. 뉴시스 | 2025-01-31 08:12:35",뉴시스,2025-01-31 08:12:35,https://n.news.naver.com/mnews/article/003/0013039786
"""좋다 말았네""…휴장한 사이 분위기 돌변하자 개미들 '벌벌' [종목+]",중국 인공지능(AI) 스타트업 '딥시크'(DeepSeek)발 충격에 동학개미들이 긴장 모드다. 미국의 초대형 인공지능(AI) 프로젝트인.. 한국경제 | 2025-01-31 08:12:14,한국경제,2025-01-31 08:12:14,https://n.news.naver.com/mnews/article/015/0005087766
올초 서학개미 마음은 ‘실세’ 머스크 향했다…‘딥시크 쇼크’ 속 AI株도 주목 [투자360],테슬라·테슬라 ETF가 서학개미 순매수액 1·3위 차지 ‘엔비디아·브로드컴’ AI칩 투심도 강력…트럼프發 추가 호재도 관심 단기 채권·.. 헤럴드경제 | 2025-01-31 08:11:07,헤럴드경제,2025-01-31 08:11:07,https://n.news.naver.com/mnews/article/016/0002421864
“美 AMPC 폐지 가능성 낮아…전기차 보조금은 폐지될 듯”,도널드 트럼프 전 미국 대통령이 재선에 성공할 경우 그린산업 전반에 경고등이 켜져지만 미국 의회의 최종 결정이 필요한 만큼 일부 보조금.. 이데일리 | 2025-01-31 08:09:07,이데일리,2025-01-31 08:09:07,https://n.news.naver.com/mnews/article/018/0005933648
뉴욕증시 강세…'캐나다·멕시코 고율관세' 재확인에 금값 사상 최고가[뉴스새벽배송],최근 중국의 인공지능(AI) 딥시크의 등장에 출렁였던 뉴욕증시가 간밤 동반 강세로 마감했다. 빅테크 마이크로소프트(MS) 실적 전망에 .. 이데일리 | 2025-01-31 08:08:14,이데일리,2025-01-31 08:08:14,https://n.news.naver.com/mnews/article/018/0005933647
“연휴 기간 대외충격 일부 회피…주도주 성장세 지속”,국내 증시가 설 연휴로 휴장하는 동안 ‘딥시크 충격’과 기준금리 동결 결정 등에 미국 증시의 변동성은 확대됐다. 다만 국내 증시는 연휴.. 이데일리 | 2025-01-31 08:07:07,이데일리,2025-01-31 08:07:07,https://n.news.naver.com/mnews/article/018/0005933646
"""티웨이항공, 단기실적 부진 불가피…경영권 분쟁에 목표가↑""-NH","NH투자증권은 31일 티웨이항공에 대해 ""단기 실적은 장거리 노선 수익성 부담으로 예상치 하회가 불가피하나 경영권 확보 경쟁에 단기 주.. 한국경제 | 2025-01-31 08:06:14",한국경제,2025-01-31 08:06:14,https://n.news.naver.com/mnews/article/015/0005087762
"하나證 ""호텔신라, 약해지는 면세업…목표가↓""","하나증권이 31일 호텔신라에 대해 ""의미있는 수요 회복이 없다면 실적 가시성이 떨어질 수밖에 없다""며 ""현재는 단기적 실적 개선보다 면.. 뉴시스 | 2025-01-31 08:05:53",뉴시스,2025-01-31 08:05:53,https://n.news.naver.com/mnews/article/003/0013039779
"예상대로 금리 동결한 연준…코스피, 딥시크 충격 나올까",설 연휴를 마친 국내 증시가 개장한다. 미국 연방준비제도(Fed·연준)가 올해 첫 통화정책 회의에서 예상대로 기준금리를 동결하면서 관련.. 뉴시스 | 2025-01-31 08:05:37,뉴시스,2025-01-31 08:05:37,https://n.news.naver.com/mnews/article/003/0013039778
"애플, 아이폰 부진했지만 4분기 ‘깜짝 실적’…시간 외 3%대 반등 [투자360]","매출 1243억달러, 주당순이익 2.40달러 시장예상치 상회…아이폰 판매는 ‘주춤’ 중국 시장 매출은 1년 전보다 11.1% 감소 0... 헤럴드경제 | 2025-01-31 08:05:10",헤럴드경제,2025-01-31 08:05:10,https://n.news.naver.com/mnews/article/016/0002421862
"""딥시크 여진 계속…AI 소프트웨어 우호적 수급 환경 될 듯""","딥시크 사태 이어지고 있는 가운데, AI 소프트웨어 업종에 우호적 수급 환경이 조성되는 등 기존의 AI에 대한 투자 관점이 바뀌고 있다.. 이데일리 | 2025-01-31 08:04:11",이데일리,2025-01-31 08:04:11,https://n.news.naver.com/mnews/article/018/0005933644
1주일 만에 열리는 증시…中 딥시크-美 금리 동결 영향 ‘주목’,설 명절 연휴로 휴장했던 증시가 1주일 만에 재개장하면서 추이에 관심이 쏠린다. 전날 미국 중앙은행 연방준비제도(Fed·연준)이 금리를.. 데일리안 | 2025-01-31 08:00:12,데일리안,2025-01-31 08:00:12,https://n.news.naver.com/mnews/article/119/0002918477
"기아, 미국·유럽 신차 인센티브 증가…목표가 6%↓-대신",대신증권은 31일 기아(000270)에 대해 올해 미국과 유럽에서의 신차 인센티브 증가가 예상됨에 따라 목표주가를 종전 대비 6% 내린.. 이데일리 | 2025-01-31 08:00:09,이데일리,2025-01-31 08:00:09,https://n.news.naver.com/mnews/article/018/0005933641
"딥시크 쇼크, 반도체·전력기기·원자력 주가 하락 불가피",한화투자증권은 31일 중국 인공지능(AI) 스타트업 딥시크발 쇼크로 반도체·전력기기·원자력 등 AI 밸류체인 업종의 주가 하락이 불가피.. 아시아경제 | 2025-01-31 07:59:39,아시아경제,2025-01-31 07:59:39,https://n.news.naver.com/mnews/article/277/0005539565
"한화오션, 가파른 실적 성장 기대…목표가 11%↑-한국","한국투자증권은 31일 한화오션(042660)에 대해 상선 부문이 순항하고, 특수선 실적이 두각을 나타나면서 올해 가파른 실적 성장이 기.. 이데일리 | 2025-01-31 07:46:14",이데일리,2025-01-31 07:46:14,https://n.news.naver.com/mnews/article/018/0005933634
"""현대모비스, 지난해 4분기도 실적 서프라이즈…목표가↑""[클릭 e종목]",하나증권은 현대모비스에 대해 지난해 4분기도 실적 서프라이즈를 기록했다며 목표가를 기존 30만원에서 31만원으로 상향한다고 31일 분석.. 아시아경제 | 2025-01-31 07:45:31,아시아경제,2025-01-31 07:45:31,https://n.news.naver.com/mnews/article/277/0005539559
실적 파란불에도 ‘트럼프 관세’ 한마디에 美증시 ‘출렁’ [투자360],지난 27일(현지시간) 미국 뉴욕증권거래소(NYSE)에서 트레이더와 금융 전문가들이 분주히 일하고 있다. [AFP] 뉴욕증시가 기업 실.. 헤럴드경제 | 2025-01-31 07:45:07,헤럴드경제,2025-01-31 07:45:07,https://n.news.naver.com/mnews/article/016/0002421853
"GS리테일, 4분기 실적 부진 전망…목표가↓-IBK","IBK투자증권은 31일 GS리테일(007070)에 대해 4분기 실적이 시장 기대치를 밑돌 것으로 전망하며, ‘매수’ 투자의견을 유지하며.. 이데일리 | 2025-01-31 07:44:13",이데일리,2025-01-31 07:44:13,https://n.news.naver.com/mnews/article/018/0005933633
"현대모비스, 핵심부품 수익성 개선…목표가↑-하나","하나증권은 31일 현대모비스(012330)에 대해 실적과 주주환원 정책을 긍정적으로 평가하며, ‘매수’ 투자의견을 유지하고 목표가를 종.. 이데일리 | 2025-01-31 07:36:11",이데일리,2025-01-31 07:36:11,https://n.news.naver.com/mnews/article/018/0005933631
미국 노조 운동 [원자재 & ETF 뉴스],"원자재 시황도 살펴보겠습니다. 현재 시간 5시 48분 지나가고 있고요, 5시 수치를 기준으로 하고 있습니다. 국제유가부터 확인해 보겠습.. 한국경제TV | 2025-01-31 07:35:08",한국경제TV,2025-01-31 07:35:08,https://n.news.naver.com/mnews/article/215/0001196840
실망스런 아이폰 판매 불구.. 애플 시간외 거래서 3% 급등,애플이 예상치에 못 미치는 아이폰 판매 실적을 발표했지만 시간외 거래에서 주가는 3% 급등했다. 30일(현지시간) 애플은 분기 실적 발.. 매일경제 | 2025-01-31 07:35:06,매일경제,2025-01-31 07:35:06,https://n.news.naver.com/mnews/article/009/0005436168
"""GS리테일, 고정비 부담에 4분기 실적 부진할 것…목표가↓ ""-IBK",IBK투자증권은 31일 GS리테일의 목표주가를 기존 2만7000원에서 2만1000원으로 낮췄다. 지난해 4분기 실적이 예상치를 크게 밑.. 한국경제 | 2025-01-31 07:33:14,한국경제,2025-01-31 07:33:14,https://n.news.naver.com/mnews/article/015/0005087756
"LG엔솔, 매출 반등 전망되나 실적·가격 부담 여전…목표가↓-하나","하나증권은 LG에너지솔루션(373220)에 대해 “올해 매출 반등이 전망되나 부담은 여전하다”고 평가했다. 투자의견은 ‘매수’, 목표가.. 이데일리 | 2025-01-31 07:20:07",이데일리,2025-01-31 07:20:07,https://n.news.naver.com/mnews/article/018/0005933628
"IBK證 “GS리테일, 높아진 고정비에 영업실적 부진 전망…목표주가 22% 하향 조정”",IBK투자증권은 31일 GS리테일에 대해 호텔과 후레쉬미트 인적분할 결정에 따른 사업부 제외와 높아진 고정비에 대한 부담 등으로 부진한.. 조선비즈 | 2025-01-31 07:17:08,조선비즈,2025-01-31 07:17:08,https://n.news.naver.com/mnews/article/366/0001050319
"美 3대 지수, 일제히 상승…테슬라 2.8%↑·MS 6.2%↓ [뉴욕증시 브리핑]","뉴욕증시의 3대 지수가 일제히 상승했다. 마이크로소프트는 6% 넘게 하락했지만, 다른 기술주가 견조한 모습을 보였다. 30일(현지시간).. 한국경제 | 2025-01-31 07:11:09",한국경제,2025-01-31 07:11:09,https://n.news.naver.com/mnews/article/015/0005087752
관세·빅테크 실적에 흔들린 뉴욕증시…S&P500 0.5%↑[월스트리트in],뉴욕증시가 소폭 상승 마감했다. 극심한 변동성을 보인 하루였다. 지난해 4분기 미국 국내총생산(GDP) 증가율이 예상보다 약하게 나온 .. 이데일리 | 2025-01-31 07:01:10,이데일리,2025-01-31 07:01:10,https://n.news.naver.com/mnews/article/018/0005933624
이틀만에 9.7조 빠진 CMA…어디로 갔나 봤더니,증시 대기 자금으로 분류되는 국내 증권사의 종합자산관리계좌(CMA) 잔액이 도널드 트럼프 미국 대통령 취임 직후 순식간에 10조 원 가.. 서울경제 | 2025-01-31 07:01:09,서울경제,2025-01-31 07:01:09,https://n.news.naver.com/mnews/article/011/0004445124
"‘정답은 AI’ 메타·테슬라 뜨고, MS 내리고…美 증시, 동반 강세 [투자360]",미국 뉴욕증시 3대 주가지수가 30일(현지시간) 동반 강세로 마감했다. 마이크로소프트(MS)의 실적 전망이 실망감을 주면서 시장 불안감.. 헤럴드경제 | 2025-01-31 07:01:06,헤럴드경제,2025-01-31 07:01:06,https://n.news.naver.com/mnews/article/016/0002421840
올해 중소형주 장세 열리나...고개 드는 코스닥 낙관론,코스닥 시장이 작년 한 해 동안 20% 넘게 떨어지며 부진했던 가운데 올해는 반전에 성공할 수 있을지 주목된다. 증권사들은 코스닥이 지.. 데일리안 | 2025-01-31 07:00:15,데일리안,2025-01-31 07:00:15,https://n.news.naver.com/mnews/article/119/0002918470
"CFD, 새해 들어 회복세 ‘뚜렷’…공매도 재개로 더욱 탄력받나",새해 들어 레버리지(차입) 투자상품인 차액결제거래(CFD)의 잔고가 증가세를 보이고 있다. 폐지 절차를 밟은 금융투자소득세(금투세)가 .. 데일리안 | 2025-01-31 07:00:13,데일리안,2025-01-31 07:00:13,https://n.news.naver.com/mnews/article/119/0002918469
"""그 집안 자산관리 우리가!"" 증권사는 패밀리오피스 전쟁 중","'패밀리오피스'로 대표되는 증권사들의 슈퍼리치 서비스 경쟁이 갈수록 치열해지고 있다. 고액에서 초고액으로, 개인에서 가문 전체의 자산을.. 비즈워치 | 2025-01-31 07:00:08",비즈워치,2025-01-31 07:00:08,https://n.news.naver.com/mnews/article/648/0000032903
"6조 뭉칫돈 몰리더니…""정부 금지령 떴다"" 개미들 '날벼락'",국내 상장된 해외주식형 토탈리턴(TR)형 상장지수펀드(ETF)들에 정부가 사실상 '운용 금지령'을 내린 가운데 투자자들 주의가 요구된다.. 한국경제 | 2025-01-31 06:31:16,한국경제,2025-01-31 06:31:16,https://n.news.naver.com/mnews/article/015/0005087746
[속보]뉴욕증시 소폭 상승 마감...테슬라 2.8%↑·MS 6.2%↓,"뉴욕증시가 소폭 상승 마감했다. 지난해 4분기 미국 국내총생산(GDP) 증가율이 예상보다 약하게 나온 가운데, 메타·테슬라·마이크로소프.. 이데일리 | 2025-01-31 06:12:15",이데일리,2025-01-31 06:12:15,https://n.news.naver.com/mnews/article/018/0005933616
"“역시 간 큰 개미들이네”…트럼프에 한 방 맞은 인도 증시, 한국 투자자는 줍줍",센섹스지수 고점대비 11% 뚝 올들어서만 2.5% 넘게 빠져 관련 ETF도 최대 12% 급락 관세 리스크에 투자심리 냉각 개인은 저가매.. 매일경제 | 2025-01-31 06:05:10,매일경제,2025-01-31 06:05:10,https://n.news.naver.com/mnews/article/009/0005436155
"""얼마 만에 반등이야"" 美 증시 제친 韓…1월 호황 이어질까",지난해 추락했던 국내 증시가 바닥을 다지고 반등에 나섰다. 코스피와 코스닥 1월 수익률이 미국 증시보다 좋았다. 31일 한국거래소에 따.. 뉴스1 | 2025-01-31 06:05:00,뉴스1,2025-01-31 06:05:00,https://n.news.naver.com/mnews/article/421/0008047604
펀드 매니저가 개미 포트폴리오 베낀다고?... 쏠림 키우는 ‘서학개미 ETF’,"삼성·한투운용, 서학개미가 선택한 종목 담는 ETF 유망 업종이나 특정 테마가 아니라 단순히 개인 투자자가 많이 산 미국 주식을 편입하.. 조선비즈 | 2025-01-31 06:00:18",조선비즈,2025-01-31 06:00:18,https://n.news.naver.com/mnews/article/366/0001050300
지난해 등록 ABS 발행액 21.8% 감소…주금공 MBS 절반 급감,지난해 한국주택금융공사 주택저당증권(MBS) 발행이 줄면서 등록 자산유동화증권(ABS) 발행 금액이 5분의 1 이상 줄어든 것으로 나타.. 뉴스1 | 2025-01-31 06:00:00,뉴스1,2025-01-31 06:00:00,https://n.news.naver.com/mnews/article/421/0008047582
지난해 등록 ABS 발행 51.7조원…전년 대비 21.8% 줄었다,지난해 등록 ABS(자산유동화증권) 발행이 한국주택금융공사 MBS(주택저당증권) 발행이 줄어든 영향으로 전년 대비 21.8% 감소했다... 머니투데이 | 2025-01-31 06:00:00,머니투데이,2025-01-31 06:00:00,https://n.news.naver.com/mnews/article/008/0005146945
지난해 ABS 22% 축소…주금공 주택저당증권 발행↓,지난해 등록 자산유동화증권(ABS) 발행이 22% 가까이 줄어든 것으로 나타났다. 한국주택금융공사의 주택저당증권(MBS) 발행 축소 등.. 뉴시스 | 2025-01-31 06:00:00,뉴시스,2025-01-31 06:00:00,https://n.news.naver.com/mnews/article/003/0013039722
"뉴욕증시, 빅테크 실적·FOMC 소화·경제지표 주시…혼조 출발",김 현 연합인포맥스 통신원 = 뉴욕증시는 빅테크 실적과 연방준비제도(Fed·연준)의 올해 첫 통화정책 회의 결과를 소화하는 가운데 신규.. 연합뉴스 | 2025-01-31 01:01:33,연합뉴스,2025-01-31 01:01:33,https://n.news.naver.com/mnews/article/001/0015184439
美 ‘AI 패권’ 불확실성 확대… 국내 증시 영향은?,나흘간 휴장한 국내 증시에 중국 인공지능(AI) 스타트업인 딥시크 충격이 시차를 두고 반영될지 시장의 관심이 쏠린다. 낮은 비용으로 오.. 국민일보 | 2025-01-31 00:03:18,국민일보,2025-01-31 00:03:18,https://n.news.naver.com/mnews/article/005/0001754443
